timestamp,FRAX.logReturns
2023-03-10 00:01:00,-0.0056281265526117825
2023-03-10 00:02:00,0.0
2023-03-10 00:03:00,0.0
2023-03-10 00:04:00,0.0
2023-03-10 00:05:00,0.012982375191655363
2023-03-10 00:06:00,0.0
2023-03-10 00:07:00,0.011183626531555427
2023-03-10 00:08:00,0.0
2023-03-10 00:09:00,0.0005718370303430582
2023-03-10 00:10:00,0.0
2023-03-10 00:11:00,-0.011755463561898735
2023-03-10 00:12:00,0.0
2023-03-10 00:13:00,0.0
2023-03-10 00:14:00,0.0
2023-03-10 00:15:00,0.006316399163386534
2023-03-10 00:16:00,0.0
2023-03-10 00:17:00,-0.012364355388535423
2023-03-10 00:18:00,0.0
2023-03-10 00:19:00,0.0
2023-03-10 00:20:00,0.0
2023-03-10 00:21:00,0.0
2023-03-10 00:22:00,0.0
2023-03-10 00:23:00,0.0
2023-03-10 00:24:00,0.0
2023-03-10 00:25:00,0.024937621544559925
2023-03-10 00:26:00,0.0
2023-03-10 00:27:00,0.0
2023-03-10 00:28:00,0.0
2023-03-10 00:29:00,0.0
2023-03-10 00:30:00,0.0
2023-03-10 00:31:00,0.0
2023-03-10 00:32:00,0.0
2023-03-10 00:33:00,0.0
2023-03-10 00:34:00,-0.014007060754674465
2023-03-10 00:35:00,0.0
2023-03-10 00:36:00,-0.004307561432540379
2023-03-10 00:37:00,0.012323604227617796
2023-03-10 00:38:00,0.0
2023-03-10 00:39:00,0.0
2023-03-10 00:40:00,0.0
2023-03-10 00:41:00,0.0
2023-03-10 00:42:00,0.0
2023-03-10 00:43:00,-0.013473855876864978
2023-03-10 00:44:00,0.0
2023-03-10 00:45:00,0.0
2023-03-10 00:46:00,0.004022989862202061
2023-03-10 00:47:00,0.0
2023-03-10 00:48:00,0.012591256353697261
2023-03-10 00:49:00,0.001425821690102803
2023-03-10 00:50:00,0.0
2023-03-10 00:51:00,0.0
2023-03-10 00:52:00,0.005408870992941043
2023-03-10 00:53:00,0.0
2023-03-10 00:54:00,0.0
2023-03-10 00:55:00,-0.003414426778938078
2023-03-10 00:56:00,0.001992457291380362
2023-03-10 00:57:00,0.0
2023-03-10 00:58:00,0.0
2023-03-10 00:59:00,0.0
2023-03-10 01:00:00,0.0
2023-03-10 01:01:00,-0.007410582797936068
2023-03-10 01:02:00,0.0
2023-03-10 01:03:00,0.0
2023-03-10 01:04:00,0.0
2023-03-10 01:05:00,0.0
2023-03-10 01:06:00,0.0
2023-03-10 01:07:00,0.014793808561769645
2023-03-10 01:08:00,0.0
2023-03-10 01:09:00,0.0
2023-03-10 01:10:00,0.0
2023-03-10 01:11:00,0.0
2023-03-10 01:12:00,0.0
2023-03-10 01:13:00,0.0
2023-03-10 01:14:00,0.0
2023-03-10 01:15:00,0.0
2023-03-10 01:16:00,0.0
2023-03-10 01:17:00,0.0
2023-03-10 01:18:00,0.0
2023-03-10 01:19:00,0.0033984715059196856
2023-03-10 01:20:00,0.0
2023-03-10 01:21:00,0.0
2023-03-10 01:22:00,0.0
2023-03-10 01:23:00,0.0
2023-03-10 01:24:00,0.0
2023-03-10 01:25:00,0.0008487163293075309
2023-03-10 01:26:00,0.0
2023-03-10 01:27:00,0.0
2023-03-10 01:28:00,-0.007935393717660756
2023-03-10 01:29:00,0.0
2023-03-10 01:30:00,0.0
2023-03-10 01:31:00,0.0
2023-03-10 01:32:00,0.0
2023-03-10 01:33:00,-0.008822497408570482
2023-03-10 01:34:00,0.0
2023-03-10 01:35:00,0.0
2023-03-10 01:36:00,0.0
2023-03-10 01:37:00,0.0
2023-03-10 01:38:00,0.0
2023-03-10 01:39:00,0.0
2023-03-10 01:40:00,-0.002568676771215047
2023-03-10 01:41:00,0.0
2023-03-10 01:42:00,0.0
2023-03-10 01:43:00,0.0
2023-03-10 01:44:00,0.0
2023-03-10 01:45:00,0.0
2023-03-10 01:46:00,0.0
2023-03-10 01:47:00,0.0
2023-03-10 01:48:00,0.0
2023-03-10 01:49:00,0.0
2023-03-10 01:50:00,-0.008012601931902674
2023-03-10 01:51:00,0.0
2023-03-10 01:52:00,0.0
2023-03-10 01:53:00,0.0
2023-03-10 01:54:00,0.0
2023-03-10 01:55:00,0.0
2023-03-10 01:56:00,0.0
2023-03-10 01:57:00,0.0
2023-03-10 01:58:00,0.0
2023-03-10 01:59:00,0.010581278703117746
2023-03-10 02:00:00,0.0
2023-03-10 02:01:00,-0.018626110696488497
2023-03-10 02:02:00,0.0
2023-03-10 02:03:00,0.0
2023-03-10 02:04:00,0.0
2023-03-10 02:05:00,0.0
2023-03-10 02:06:00,0.0
2023-03-10 02:07:00,0.0
2023-03-10 02:08:00,0.0
2023-03-10 02:09:00,0.0
2023-03-10 02:10:00,0.0
2023-03-10 02:11:00,0.0
2023-03-10 02:12:00,0.0
2023-03-10 02:13:00,0.0
2023-03-10 02:14:00,0.008044831993370898
2023-03-10 02:15:00,0.0
2023-03-10 02:16:00,0.0014331781337038815
2023-03-10 02:17:00,0.0
2023-03-10 02:18:00,0.0
2023-03-10 02:19:00,0.0
2023-03-10 02:20:00,0.0
2023-03-10 02:21:00,0.0
2023-03-10 02:22:00,0.0
2023-03-10 02:23:00,0.0
2023-03-10 02:24:00,0.0
2023-03-10 02:25:00,0.0
2023-03-10 02:26:00,0.0
2023-03-10 02:27:00,0.0
2023-03-10 02:28:00,0.0
2023-03-10 02:29:00,0.013706507101139192
2023-03-10 02:30:00,-0.00969906336733334
2023-03-10 02:31:00,0.0
2023-03-10 02:32:00,0.0
2023-03-10 02:33:00,0.0
2023-03-10 02:34:00,0.0
2023-03-10 02:35:00,0.0
2023-03-10 02:36:00,0.0
2023-03-10 02:37:00,0.00912983040490214
2023-03-10 02:38:00,0.0
2023-03-10 02:39:00,0.0
2023-03-10 02:40:00,0.0
2023-03-10 02:41:00,0.0
2023-03-10 02:42:00,0.0
2023-03-10 02:43:00,0.0025602734454344867
2023-03-10 02:44:00,0.0
2023-03-10 02:45:00,0.0
2023-03-10 02:46:00,-0.011976083689245114
2023-03-10 02:47:00,0.0
2023-03-10 02:48:00,0.0
2023-03-10 02:49:00,-0.003148480077771145
2023-03-10 02:50:00,0.0
2023-03-10 02:51:00,0.0
2023-03-10 02:52:00,0.0
2023-03-10 02:53:00,0.0
2023-03-10 02:54:00,0.0
2023-03-10 02:55:00,0.0
2023-03-10 02:56:00,0.0
2023-03-10 02:57:00,0.0
2023-03-10 02:58:00,0.0
2023-03-10 02:59:00,0.0048637460491170285
2023-03-10 03:00:00,0.0
2023-03-10 03:01:00,0.0
2023-03-10 03:02:00,0.0
2023-03-10 03:03:00,0.0
2023-03-10 03:04:00,0.0
2023-03-10 03:05:00,0.0
2023-03-10 03:06:00,0.0
2023-03-10 03:07:00,0.0
2023-03-10 03:08:00,-0.004004577996955015
2023-03-10 03:09:00,0.015970425656141887
2023-03-10 03:10:00,0.0
2023-03-10 03:11:00,0.0
2023-03-10 03:12:00,0.0
2023-03-10 03:13:00,-0.016543163346195874
2023-03-10 03:14:00,0.0
2023-03-10 03:15:00,0.0
2023-03-10 03:16:00,0.0
2023-03-10 03:17:00,-0.002005874514439294
2023-03-10 03:18:00,0.0
2023-03-10 03:19:00,0.0
2023-03-10 03:20:00,0.013429581140409562
2023-03-10 03:21:00,0.0
2023-03-10 03:22:00,0.0
2023-03-10 03:23:00,0.0
2023-03-10 03:24:00,0.0
2023-03-10 03:25:00,0.0
2023-03-10 03:26:00,0.0
2023-03-10 03:27:00,0.0
2023-03-10 03:28:00,0.0
2023-03-10 03:29:00,0.0
2023-03-10 03:30:00,0.0
2023-03-10 03:31:00,0.0
2023-03-10 03:32:00,0.0
2023-03-10 03:33:00,0.0
2023-03-10 03:34:00,0.0
2023-03-10 03:35:00,0.0
2023-03-10 03:36:00,0.0
2023-03-10 03:37:00,0.0
2023-03-10 03:38:00,-0.0022795272449184314
2023-03-10 03:39:00,0.0
2023-03-10 03:40:00,0.0
2023-03-10 03:41:00,0.0
2023-03-10 03:42:00,0.0
2023-03-10 03:43:00,0.0
2023-03-10 03:44:00,0.0
2023-03-10 03:45:00,0.0
2023-03-10 03:46:00,0.0
2023-03-10 03:47:00,-0.015455142735789823
2023-03-10 03:48:00,0.0
2023-03-10 03:49:00,0.0
2023-03-10 03:50:00,0.0
2023-03-10 03:51:00,0.0
2023-03-10 03:52:00,0.0
2023-03-10 03:53:00,0.0
2023-03-10 03:54:00,0.0
2023-03-10 03:55:00,0.0
2023-03-10 03:56:00,0.01602526816724456
2023-03-10 03:57:00,0.0
2023-03-10 03:58:00,0.0
2023-03-10 03:59:00,0.0
2023-03-10 04:00:00,-0.003708723693092324
2023-03-10 04:01:00,0.0
2023-03-10 04:02:00,0.0
2023-03-10 04:03:00,0.0
2023-03-10 04:04:00,0.0
2023-03-10 04:05:00,0.0
2023-03-10 04:06:00,-0.004574044303590662
2023-03-10 04:07:00,0.0
2023-03-10 04:08:00,0.0
2023-03-10 04:09:00,0.0
2023-03-10 04:10:00,0.0
2023-03-10 04:11:00,0.0
2023-03-10 04:12:00,0.0
2023-03-10 04:13:00,0.004288472803140991
2023-03-10 04:14:00,0.0
2023-03-10 04:15:00,0.0
2023-03-10 04:16:00,0.0
2023-03-10 04:17:00,0.014228859105322919
2023-03-10 04:18:00,0.0
2023-03-10 04:19:00,0.0
2023-03-10 04:20:00,0.0
2023-03-10 04:21:00,0.0
2023-03-10 04:22:00,-0.010519606312320243
2023-03-10 04:23:00,0.0
2023-03-10 04:24:00,0.0
2023-03-10 04:25:00,0.003702386247772724
2023-03-10 04:26:00,0.0
2023-03-10 04:27:00,-0.007697251322588676
2023-03-10 04:28:00,0.0
2023-03-10 04:29:00,0.0
2023-03-10 04:30:00,0.0
2023-03-10 04:31:00,0.010824695274954036
2023-03-10 04:32:00,0.0
2023-03-10 04:33:00,-0.005120184847420854
2023-03-10 04:34:00,0.0
2023-03-10 04:35:00,0.0
2023-03-10 04:36:00,0.0
2023-03-10 04:37:00,0.0
2023-03-10 04:38:00,0.0
2023-03-10 04:39:00,0.0
2023-03-10 04:40:00,0.0
2023-03-10 04:41:00,0.0
2023-03-10 04:42:00,0.011643625361089384
2023-03-10 04:43:00,0.0
2023-03-10 04:44:00,0.0
2023-03-10 04:45:00,0.0
2023-03-10 04:46:00,0.0
2023-03-10 04:47:00,0.0
2023-03-10 04:48:00,0.0
2023-03-10 04:49:00,0.0
2023-03-10 04:50:00,0.0
2023-03-10 04:51:00,0.0
2023-03-10 04:52:00,0.0
2023-03-10 04:53:00,0.0
2023-03-10 04:54:00,0.0
2023-03-10 04:55:00,0.010731457546342573
2023-03-10 04:56:00,0.0
2023-03-10 04:57:00,0.0
2023-03-10 04:58:00,0.0
2023-03-10 04:59:00,0.0
2023-03-10 05:00:00,0.0
2023-03-10 05:01:00,-0.00875027858295043
2023-03-10 05:02:00,0.0
2023-03-10 05:03:00,0.0
2023-03-10 05:04:00,0.0008484762907433004
2023-03-10 05:05:00,0.0
2023-03-10 05:06:00,0.0
2023-03-10 05:07:00,0.0
2023-03-10 05:08:00,-0.011627115341954061
2023-03-10 05:09:00,0.0
2023-03-10 05:10:00,0.0
2023-03-10 05:11:00,0.0
2023-03-10 05:12:00,0.007947782244549714
2023-03-10 05:13:00,0.0
2023-03-10 05:14:00,-0.003969943172209723
2023-03-10 05:15:00,0.0
2023-03-10 05:16:00,0.0
2023-03-10 05:17:00,0.0
2023-03-10 05:18:00,0.009910121501182301
2023-03-10 05:19:00,0.0
2023-03-10 05:20:00,0.0
2023-03-10 05:21:00,0.0
2023-03-10 05:22:00,0.0
2023-03-10 05:23:00,-0.008207752268026171
2023-03-10 05:24:00,-0.00624911742610063
2023-03-10 05:25:00,0.0
2023-03-10 05:26:00,0.0
2023-03-10 05:27:00,0.0
2023-03-10 05:28:00,0.0
2023-03-10 05:29:00,0.009366369208423507
2023-03-10 05:30:00,-0.011643625361089345
2023-03-10 05:31:00,0.0
2023-03-10 05:32:00,0.0
2023-03-10 05:33:00,0.0
2023-03-10 05:34:00,0.0
2023-03-10 05:35:00,0.0008542749471379323
2023-03-10 05:36:00,0.0
2023-03-10 05:37:00,0.0
2023-03-10 05:38:00,0.009656366387051448
2023-03-10 05:39:00,-0.000566732789283964
2023-03-10 05:40:00,0.0008500389729152739
2023-03-10 05:41:00,0.0
2023-03-10 05:42:00,0.0
2023-03-10 05:43:00,0.0
2023-03-10 05:44:00,0.0
2023-03-10 05:45:00,0.0
2023-03-10 05:46:00,0.0
2023-03-10 05:47:00,0.0
2023-03-10 05:48:00,0.0
2023-03-10 05:49:00,0.0
2023-03-10 05:50:00,-0.014500027973926298
2023-03-10 05:51:00,0.0
2023-03-10 05:52:00,0.0
2023-03-10 05:53:00,0.0
2023-03-10 05:54:00,0.0
2023-03-10 05:55:00,0.0
2023-03-10 05:56:00,0.0
2023-03-10 05:57:00,0.0
2023-03-10 05:58:00,0.0
2023-03-10 05:59:00,0.0
2023-03-10 06:00:00,0.0
2023-03-10 06:01:00,0.0
2023-03-10 06:02:00,-0.0002853677681945665
2023-03-10 06:03:00,0.0
2023-03-10 06:04:00,0.0
2023-03-10 06:05:00,0.0
2023-03-10 06:06:00,0.0
2023-03-10 06:07:00,0.0
2023-03-10 06:08:00,0.0
2023-03-10 06:09:00,0.0
2023-03-10 06:10:00,0.0
2023-03-10 06:11:00,0.0
2023-03-10 06:12:00,0.0
2023-03-10 06:13:00,0.0
2023-03-10 06:14:00,0.0
2023-03-10 06:15:00,0.0
2023-03-10 06:16:00,0.0
2023-03-10 06:17:00,0.009963724258366266
2023-03-10 06:18:00,0.0
2023-03-10 06:19:00,0.0
2023-03-10 06:20:00,0.0
2023-03-10 06:21:00,0.0
2023-03-10 06:22:00,0.0
2023-03-10 06:23:00,0.0
2023-03-10 06:24:00,0.0034047390830077703
2023-03-10 06:25:00,0.0
2023-03-10 06:26:00,0.0
2023-03-10 06:27:00,0.0
2023-03-10 06:28:00,0.0
2023-03-10 06:29:00,0.0
2023-03-10 06:30:00,0.0
2023-03-10 06:31:00,0.012716397484985006
2023-03-10 06:32:00,0.0
2023-03-10 06:33:00,-0.012716397484985029
2023-03-10 06:34:00,0.0
2023-03-10 06:35:00,0.0
2023-03-10 06:36:00,0.008486575675733283
2023-03-10 06:37:00,0.0
2023-03-10 06:38:00,-0.00791968224790136
2023-03-10 06:39:00,0.0
2023-03-10 06:40:00,0.0
2023-03-10 06:41:00,0.00876636256817321
2023-03-10 06:42:00,0.0
2023-03-10 06:43:00,0.0
2023-03-10 06:44:00,0.0
2023-03-10 06:45:00,-0.015295358501978384
2023-03-10 06:46:00,0.0
2023-03-10 06:47:00,0.0
2023-03-10 06:48:00,0.011341113462996426
2023-03-10 06:49:00,0.005646531136282697
2023-03-10 06:50:00,0.0
2023-03-10 06:51:00,0.0
2023-03-10 06:52:00,0.0
2023-03-10 06:53:00,-0.0002819482629610324
2023-03-10 06:54:00,0.0
2023-03-10 06:55:00,0.0
2023-03-10 06:56:00,0.0
2023-03-10 06:57:00,0.0
2023-03-10 06:58:00,0.0
2023-03-10 06:59:00,0.0
2023-03-10 07:00:00,0.0
2023-03-10 07:01:00,0.0
2023-03-10 07:02:00,0.0
2023-03-10 07:03:00,0.0053502319833077005
2023-03-10 07:04:00,-0.004222677337515333
2023-03-10 07:05:00,0.0
2023-03-10 07:06:00,0.0
2023-03-10 07:07:00,0.0
2023-03-10 07:08:00,0.0
2023-03-10 07:09:00,0.0
2023-03-10 07:10:00,0.0
2023-03-10 07:11:00,0.0
2023-03-10 07:12:00,0.0
2023-03-10 07:13:00,-0.0025378924801319745
2023-03-10 07:14:00,0.0
2023-03-10 07:15:00,0.009009024242209016
2023-03-10 07:16:00,0.0
2023-03-10 07:17:00,0.0
2023-03-10 07:18:00,0.0
2023-03-10 07:19:00,0.0
2023-03-10 07:20:00,0.0
2023-03-10 07:21:00,0.003367949154019405
2023-03-10 07:22:00,0.0
2023-03-10 07:23:00,0.0
2023-03-10 07:24:00,0.0
2023-03-10 07:25:00,0.0
2023-03-10 07:26:00,0.0
2023-03-10 07:27:00,-0.009275541887290418
2023-03-10 07:28:00,0.0
2023-03-10 07:29:00,0.011517694588488685
2023-03-10 07:30:00,0.0
2023-03-10 07:31:00,0.0
2023-03-10 07:32:00,0.0
2023-03-10 07:33:00,0.0
2023-03-10 07:34:00,-0.005891020459513606
2023-03-10 07:35:00,0.0
2023-03-10 07:36:00,0.0
2023-03-10 07:37:00,0.0
2023-03-10 07:38:00,0.0
2023-03-10 07:39:00,-0.005063293843559461
2023-03-10 07:40:00,0.0
2023-03-10 07:41:00,0.0
2023-03-10 07:42:00,0.0
2023-03-10 07:43:00,0.0
2023-03-10 07:44:00,0.0
2023-03-10 07:45:00,0.0
2023-03-10 07:46:00,-0.01413233692610622
2023-03-10 07:47:00,0.0005672149782771428
2023-03-10 07:48:00,0.0
2023-03-10 07:49:00,0.0
2023-03-10 07:50:00,0.0
2023-03-10 07:51:00,0.0
2023-03-10 07:52:00,0.02143582781889866
2023-03-10 07:53:00,0.0
2023-03-10 07:54:00,0.0
2023-03-10 07:55:00,0.0
2023-03-10 07:56:00,-0.010125179831083622
2023-03-10 07:57:00,0.0
2023-03-10 07:58:00,0.0
2023-03-10 07:59:00,0.0
2023-03-10 08:00:00,0.0
2023-03-10 08:01:00,-0.008476983586328904
2023-03-10 08:02:00,0.0
2023-03-10 08:03:00,0.010449787240969243
2023-03-10 08:04:00,0.0
2023-03-10 08:05:00,-0.012432930685559056
2023-03-10 08:06:00,-0.003120346707693235
2023-03-10 08:07:00,0.0
2023-03-10 08:08:00,0.0
2023-03-10 08:09:00,0.0
2023-03-10 08:10:00,0.01611657834050505
2023-03-10 08:11:00,0.0
2023-03-10 08:12:00,0.0
2023-03-10 08:13:00,0.0
2023-03-10 08:14:00,0.0
2023-03-10 08:15:00,-0.00028163064187937463
2023-03-10 08:16:00,0.0
2023-03-10 08:17:00,-0.00028167030537355905
2023-03-10 08:18:00,0.0
2023-03-10 08:19:00,0.0
2023-03-10 08:20:00,0.0
2023-03-10 08:21:00,0.0
2023-03-10 08:22:00,0.0
2023-03-10 08:23:00,0.0
2023-03-10 08:24:00,0.0
2023-03-10 08:25:00,0.0
2023-03-10 08:26:00,0.0
2023-03-10 08:27:00,0.0
2023-03-10 08:28:00,0.0
2023-03-10 08:29:00,0.0
2023-03-10 08:30:00,0.0
2023-03-10 08:31:00,0.0
2023-03-10 08:32:00,0.0
2023-03-10 08:33:00,0.0
2023-03-10 08:34:00,-0.012716397484985029
2023-03-10 08:35:00,0.0
2023-03-10 08:36:00,0.0
2023-03-10 08:37:00,0.013561289421791045
2023-03-10 08:38:00,-0.0025357473284854984
2023-03-10 08:39:00,0.0
2023-03-10 08:40:00,0.0
2023-03-10 08:41:00,0.0030988103952676468
2023-03-10 08:42:00,0.0
2023-03-10 08:43:00,0.0
2023-03-10 08:44:00,0.0
2023-03-10 08:45:00,0.005621929211300457
2023-03-10 08:46:00,0.0014030165429806066
2023-03-10 08:47:00,0.0
2023-03-10 08:48:00,0.0
2023-03-10 08:49:00,0.0
2023-03-10 08:50:00,0.0
2023-03-10 08:51:00,0.0
2023-03-10 08:52:00,-0.008432900757869607
2023-03-10 08:53:00,0.0
2023-03-10 08:54:00,0.0
2023-03-10 08:55:00,0.0
2023-03-10 08:56:00,0.0
2023-03-10 08:57:00,0.0
2023-03-10 08:58:00,0.0
2023-03-10 08:59:00,0.0
2023-03-10 09:00:00,0.0
2023-03-10 09:01:00,0.0
2023-03-10 09:02:00,0.0
2023-03-10 09:03:00,0.0
2023-03-10 09:04:00,0.0
2023-03-10 09:05:00,0.005344964148932883
2023-03-10 09:06:00,-0.007599755819549572
2023-03-10 09:07:00,0.0
2023-03-10 09:08:00,0.0
2023-03-10 09:09:00,0.0
2023-03-10 09:10:00,0.0
2023-03-10 09:11:00,0.0
2023-03-10 09:12:00,-0.0064967220462889795
2023-03-10 09:13:00,0.0
2023-03-10 09:14:00,0.0
2023-03-10 09:15:00,0.0
2023-03-10 09:16:00,0.0
2023-03-10 09:17:00,0.0
2023-03-10 09:18:00,0.0
2023-03-10 09:19:00,0.0
2023-03-10 09:20:00,0.0
2023-03-10 09:21:00,0.0
2023-03-10 09:22:00,0.01156643325266496
2023-03-10 09:23:00,0.0
2023-03-10 09:24:00,0.0
2023-03-10 09:25:00,0.0
2023-03-10 09:26:00,-0.0036601685446074833
2023-03-10 09:27:00,0.0
2023-03-10 09:28:00,0.0
2023-03-10 09:29:00,0.0
2023-03-10 09:30:00,0.0
2023-03-10 09:31:00,0.0
2023-03-10 09:32:00,0.0
2023-03-10 09:33:00,0.0
2023-03-10 09:34:00,0.0
2023-03-10 09:35:00,0.0
2023-03-10 09:36:00,0.0
2023-03-10 09:37:00,0.0
2023-03-10 09:38:00,0.0
2023-03-10 09:39:00,0.0
2023-03-10 09:40:00,0.0
2023-03-10 09:41:00,0.0
2023-03-10 09:42:00,0.0
2023-03-10 09:43:00,0.015160095046826324
2023-03-10 09:44:00,-0.002798768998572059
2023-03-10 09:45:00,0.0
2023-03-10 09:46:00,0.0
2023-03-10 09:47:00,0.0
2023-03-10 09:48:00,-0.01659293775452192
2023-03-10 09:49:00,0.0
2023-03-10 09:50:00,0.0
2023-03-10 09:51:00,0.0
2023-03-10 09:52:00,0.0
2023-03-10 09:53:00,0.009297755704207617
2023-03-10 09:54:00,0.0
2023-03-10 09:55:00,0.0008431110923703604
2023-03-10 09:56:00,0.0
2023-03-10 09:57:00,0.0
2023-03-10 09:58:00,0.0
2023-03-10 09:59:00,0.0
2023-03-10 10:00:00,0.0
2023-03-10 10:01:00,0.0039298258257861275
2023-03-10 10:02:00,0.0
2023-03-10 10:03:00,0.0
2023-03-10 10:04:00,-0.004772936918156537
2023-03-10 10:05:00,0.0
2023-03-10 10:06:00,0.0
2023-03-10 10:07:00,0.0
2023-03-10 10:08:00,0.0
2023-03-10 10:09:00,0.0016858669163442297
2023-03-10 10:10:00,0.0
2023-03-10 10:11:00,0.0
2023-03-10 10:12:00,0.0
2023-03-10 10:13:00,0.0
2023-03-10 10:14:00,0.0
2023-03-10 10:15:00,0.0
2023-03-10 10:16:00,0.0
2023-03-10 10:17:00,0.0
2023-03-10 10:18:00,0.0
2023-03-10 10:19:00,0.0
2023-03-10 10:20:00,0.0
2023-03-10 10:21:00,0.0
2023-03-10 10:22:00,0.010923631945132855
2023-03-10 10:23:00,-0.016548723545195317
2023-03-10 10:24:00,0.0
2023-03-10 10:25:00,0.0
2023-03-10 10:26:00,0.0
2023-03-10 10:27:00,0.0
2023-03-10 10:28:00,0.0
2023-03-10 10:29:00,0.0
2023-03-10 10:30:00,0.0
2023-03-10 10:31:00,0.02574542337052503
2023-03-10 10:32:00,0.0
2023-03-10 10:33:00,0.0002780287764262582
2023-03-10 10:34:00,0.0
2023-03-10 10:35:00,0.0
2023-03-10 10:36:00,0.0
2023-03-10 10:37:00,0.0
2023-03-10 10:38:00,-0.005010441033874468
2023-03-10 10:39:00,0.0
2023-03-10 10:40:00,0.008066209389980919
2023-03-10 10:41:00,-0.0013884068589513677
2023-03-10 10:42:00,0.0
2023-03-10 10:43:00,-0.006399115148149684
2023-03-10 10:44:00,0.0
2023-03-10 10:45:00,0.021894488729801063
2023-03-10 10:46:00,0.0
2023-03-10 10:47:00,-0.018275082159760262
2023-03-10 10:48:00,0.0
2023-03-10 10:49:00,0.0
2023-03-10 10:50:00,0.0
2023-03-10 10:51:00,0.0
2023-03-10 10:52:00,0.0
2023-03-10 10:53:00,0.0
2023-03-10 10:54:00,0.0
2023-03-10 10:55:00,0.0
2023-03-10 10:56:00,0.0
2023-03-10 10:57:00,0.0
2023-03-10 10:58:00,0.0
2023-03-10 10:59:00,0.0
2023-03-10 11:00:00,0.008050534848137364
2023-03-10 11:01:00,-0.015016755753777736
2023-03-10 11:02:00,0.0
2023-03-10 11:03:00,0.0
2023-03-10 11:04:00,0.0
2023-03-10 11:05:00,0.0
2023-03-10 11:06:00,0.0
2023-03-10 11:07:00,0.009190296753407682
2023-03-10 11:08:00,-0.007516189512802194
2023-03-10 11:09:00,0.0
2023-03-10 11:10:00,0.0
2023-03-10 11:11:00,0.0
2023-03-10 11:12:00,0.0019513556499552466
2023-03-10 11:13:00,0.0
2023-03-10 11:14:00,0.0
2023-03-10 11:15:00,0.0
2023-03-10 11:16:00,0.0
2023-03-10 11:17:00,0.0
2023-03-10 11:18:00,0.0
2023-03-10 11:19:00,0.0
2023-03-10 11:20:00,0.0
2023-03-10 11:21:00,0.0
2023-03-10 11:22:00,0.0
2023-03-10 11:23:00,0.0
2023-03-10 11:24:00,0.0
2023-03-10 11:25:00,0.0
2023-03-10 11:26:00,0.0
2023-03-10 11:27:00,0.0
2023-03-10 11:28:00,0.0
2023-03-10 11:29:00,0.0
2023-03-10 11:30:00,0.015266190283456443
2023-03-10 11:31:00,-0.008590245280920127
2023-03-10 11:32:00,0.0
2023-03-10 11:33:00,0.0
2023-03-10 11:34:00,0.006930494148320575
2023-03-10 11:35:00,-0.009153334054823286
2023-03-10 11:36:00,-0.004174495358172335
2023-03-10 11:37:00,0.00027857093157347446
2023-03-10 11:38:00,-0.006696434827320119
2023-03-10 11:39:00,0.0
2023-03-10 11:40:00,0.02029909674337457
2023-03-10 11:41:00,0.0
2023-03-10 11:42:00,0.0
2023-03-10 11:43:00,0.0
2023-03-10 11:44:00,0.0
2023-03-10 11:45:00,0.0
2023-03-10 11:46:00,0.0
2023-03-10 11:47:00,0.0
2023-03-10 11:48:00,0.008282728569087223
2023-03-10 11:49:00,-0.019658218762782037
2023-03-10 11:50:00,0.002780481471052836
2023-03-10 11:51:00,0.0
2023-03-10 11:52:00,0.0
2023-03-10 11:53:00,0.0
2023-03-10 11:54:00,0.0
2023-03-10 11:55:00,-0.008074069572207632
2023-03-10 11:56:00,0.0
2023-03-10 11:57:00,0.0
2023-03-10 11:58:00,0.0
2023-03-10 11:59:00,0.0
2023-03-10 12:00:00,0.0
2023-03-10 12:01:00,0.0
2023-03-10 12:02:00,0.0
2023-03-10 12:03:00,0.0
2023-03-10 12:04:00,0.0
2023-03-10 12:05:00,0.0
2023-03-10 12:06:00,0.0
2023-03-10 12:07:00,0.0
2023-03-10 12:08:00,0.010850690870603053
2023-03-10 12:09:00,0.0
2023-03-10 12:10:00,0.0
2023-03-10 12:11:00,0.0
2023-03-10 12:12:00,0.0
2023-03-10 12:13:00,0.0
2023-03-10 12:14:00,0.0
2023-03-10 12:15:00,-0.0011101859846543035
2023-03-10 12:16:00,0.0
2023-03-10 12:17:00,0.0
2023-03-10 12:18:00,0.00027760427555153085
2023-03-10 12:19:00,-0.017284746557299994
2023-03-10 12:20:00,0.002797985906822664
2023-03-10 12:21:00,-0.012621877667683551
2023-03-10 12:22:00,0.0
2023-03-10 12:23:00,0.0
2023-03-10 12:24:00,0.0014063709179464614
2023-03-10 12:25:00,0.0
2023-03-10 12:26:00,0.0
2023-03-10 12:27:00,0.0
2023-03-10 12:28:00,0.0
2023-03-10 12:29:00,0.0
2023-03-10 12:30:00,0.0
2023-03-10 12:31:00,0.0
2023-03-10 12:32:00,0.011774634514072315
2023-03-10 12:33:00,0.0
2023-03-10 12:34:00,0.0
2023-03-10 12:35:00,0.0
2023-03-10 12:36:00,0.0
2023-03-10 12:37:00,0.0
2023-03-10 12:38:00,0.0
2023-03-10 12:39:00,0.0
2023-03-10 12:40:00,0.0
2023-03-10 12:41:00,0.0
2023-03-10 12:42:00,0.0
2023-03-10 12:43:00,0.0
2023-03-10 12:44:00,0.0
2023-03-10 12:45:00,0.0
2023-03-10 12:46:00,0.0
2023-03-10 12:47:00,0.0
2023-03-10 12:48:00,-0.00728088174584544
2023-03-10 12:49:00,0.0
2023-03-10 12:50:00,0.0
2023-03-10 12:51:00,-0.005056182468221141
2023-03-10 12:52:00,0.0
2023-03-10 12:53:00,-0.006479335197202049
2023-03-10 12:54:00,0.022167887418004562
2023-03-10 12:55:00,-0.005309119429201
2023-03-10 12:56:00,0.0
2023-03-10 12:57:00,0.0
2023-03-10 12:58:00,0.0030754182337324283
2023-03-10 12:59:00,-0.008118143975686934
2023-03-10 13:00:00,0.004483050350027057
2023-03-10 13:01:00,0.0
2023-03-10 13:02:00,0.0
2023-03-10 13:03:00,0.004752256062192262
2023-03-10 13:04:00,0.0
2023-03-10 13:05:00,-0.010638322955199866
2023-03-10 13:06:00,0.0
2023-03-10 13:07:00,0.0
2023-03-10 13:08:00,0.01649320969036858
2023-03-10 13:09:00,0.0
2023-03-10 13:10:00,-0.002507138708427301
2023-03-10 13:11:00,0.0
2023-03-10 13:12:00,0.0
2023-03-10 13:13:00,0.0
2023-03-10 13:14:00,0.003898636712099358
2023-03-10 13:15:00,0.0
2023-03-10 13:16:00,0.0
2023-03-10 13:17:00,-0.005850808658210201
2023-03-10 13:18:00,0.0
2023-03-10 13:19:00,0.0
2023-03-10 13:20:00,0.0
2023-03-10 13:21:00,0.015010494365273443
2023-03-10 13:22:00,0.0
2023-03-10 13:23:00,0.0
2023-03-10 13:24:00,0.0
2023-03-10 13:25:00,0.0
2023-03-10 13:26:00,-0.0002769507724427249
2023-03-10 13:27:00,0.0
2023-03-10 13:28:00,0.0
2023-03-10 13:29:00,-0.004436436035118559
2023-03-10 13:30:00,0.0
2023-03-10 13:31:00,0.0
2023-03-10 13:32:00,0.0
2023-03-10 13:33:00,0.0
2023-03-10 13:34:00,0.0
2023-03-10 13:35:00,-0.03359071261768318
2023-03-10 13:36:00,0.0
2023-03-10 13:37:00,0.0
2023-03-10 13:38:00,0.0
2023-03-10 13:39:00,0.0
2023-03-10 13:40:00,0.0
2023-03-10 13:41:00,0.0
2023-03-10 13:42:00,0.0
2023-03-10 13:43:00,-0.021284344192290187
2023-03-10 13:44:00,0.0
2023-03-10 13:45:00,0.0
2023-03-10 13:46:00,0.011379831555356911
2023-03-10 13:47:00,-0.00454416554477324
2023-03-10 13:48:00,0.0
2023-03-10 13:49:00,0.0
2023-03-10 13:50:00,0.0
2023-03-10 13:51:00,0.0
2023-03-10 13:52:00,0.0
2023-03-10 13:53:00,0.0
2023-03-10 13:54:00,0.0
2023-03-10 13:55:00,0.0
2023-03-10 13:56:00,0.0
2023-03-10 13:57:00,0.0
2023-03-10 13:58:00,0.0
2023-03-10 13:59:00,0.0
2023-03-10 14:00:00,0.0
2023-03-10 14:01:00,0.014166371737592913
2023-03-10 14:02:00,-0.00508834196726698
2023-03-10 14:03:00,0.0
2023-03-10 14:04:00,0.0
2023-03-10 14:05:00,0.0
2023-03-10 14:06:00,0.0
2023-03-10 14:07:00,0.0
2023-03-10 14:08:00,0.0
2023-03-10 14:09:00,0.010445362157438815
2023-03-10 14:10:00,0.0
2023-03-10 14:11:00,0.0
2023-03-10 14:12:00,0.0
2023-03-10 14:13:00,0.0
2023-03-10 14:14:00,0.011231252314324792
2023-03-10 14:15:00,0.0
2023-03-10 14:16:00,0.01478491983090259
2023-03-10 14:17:00,0.0
2023-03-10 14:18:00,0.0
2023-03-10 14:19:00,-0.001390143935859562
2023-03-10 14:20:00,-0.013114801092318103
2023-03-10 14:21:00,-0.0036427330560627386
2023-03-10 14:22:00,0.0
2023-03-10 14:23:00,0.0
2023-03-10 14:24:00,0.0
2023-03-10 14:25:00,-0.017181994275370694
2023-03-10 14:26:00,0.0031093215223111518
2023-03-10 14:27:00,0.0
2023-03-10 14:28:00,0.0
2023-03-10 14:29:00,0.01070425090419853
2023-03-10 14:30:00,0.0
2023-03-10 14:31:00,0.0
2023-03-10 14:32:00,-0.012682350676894709
2023-03-10 14:33:00,0.0
2023-03-10 14:34:00,0.0
2023-03-10 14:35:00,0.0
2023-03-10 14:36:00,0.0
2023-03-10 14:37:00,0.0
2023-03-10 14:38:00,0.0
2023-03-10 14:39:00,0.0
2023-03-10 14:40:00,0.0
2023-03-10 14:41:00,0.014647952800710769
2023-03-10 14:42:00,0.0
2023-03-10 14:43:00,0.0
2023-03-10 14:44:00,0.00951982757781983
2023-03-10 14:45:00,0.0
2023-03-10 14:46:00,0.0
2023-03-10 14:47:00,0.0
2023-03-10 14:48:00,0.0
2023-03-10 14:49:00,0.0
2023-03-10 14:50:00,0.0
2023-03-10 14:51:00,0.0
2023-03-10 14:52:00,0.0
2023-03-10 14:53:00,-0.020213535339548713
2023-03-10 14:54:00,0.014058823530377408
2023-03-10 14:55:00,0.0
2023-03-10 14:56:00,0.0
2023-03-10 14:57:00,0.0
2023-03-10 14:58:00,0.0
2023-03-10 14:59:00,0.0
2023-03-10 15:00:00,0.0
2023-03-10 15:01:00,0.0
2023-03-10 15:02:00,-0.0025233058649542736
2023-03-10 15:03:00,0.0
2023-03-10 15:04:00,0.0
2023-03-10 15:05:00,0.0
2023-03-10 15:06:00,0.0
2023-03-10 15:07:00,0.0
2023-03-10 15:08:00,0.0
2023-03-10 15:09:00,-0.016620984454020295
2023-03-10 15:10:00,0.0
2023-03-10 15:11:00,0.0
2023-03-10 15:12:00,0.0
2023-03-10 15:13:00,0.0
2023-03-10 15:14:00,0.0
2023-03-10 15:15:00,0.0
2023-03-10 15:16:00,0.0
2023-03-10 15:17:00,0.0
2023-03-10 15:18:00,0.0
2023-03-10 15:19:00,0.023901866199865958
2023-03-10 15:20:00,-0.003357113671157769
2023-03-10 15:21:00,0.0
2023-03-10 15:22:00,0.0
2023-03-10 15:23:00,0.0
2023-03-10 15:24:00,0.0
2023-03-10 15:25:00,-0.0030823123438828
2023-03-10 15:26:00,0.0
2023-03-10 15:27:00,0.0
2023-03-10 15:28:00,0.0
2023-03-10 15:29:00,-0.01294138711522752
2023-03-10 15:30:00,0.0
2023-03-10 15:31:00,0.0
2023-03-10 15:32:00,0.0
2023-03-10 15:33:00,0.0
2023-03-10 15:34:00,0.0
2023-03-10 15:35:00,0.0
2023-03-10 15:36:00,0.0
2023-03-10 15:37:00,0.0
2023-03-10 15:38:00,0.0
2023-03-10 15:39:00,0.0
2023-03-10 15:40:00,-0.005369889469125881
2023-03-10 15:41:00,0.0
2023-03-10 15:42:00,0.003958157921839146
2023-03-10 15:43:00,0.0
2023-03-10 15:44:00,0.0
2023-03-10 15:45:00,0.0
2023-03-10 15:46:00,0.0
2023-03-10 15:47:00,0.0
2023-03-10 15:48:00,0.0
2023-03-10 15:49:00,0.0
2023-03-10 15:50:00,0.0
2023-03-10 15:51:00,0.0
2023-03-10 15:52:00,0.0025403997487981997
2023-03-10 15:53:00,0.0
2023-03-10 15:54:00,0.0
2023-03-10 15:55:00,0.0
2023-03-10 15:56:00,0.0
2023-03-10 15:57:00,0.0
2023-03-10 15:58:00,0.0
2023-03-10 15:59:00,0.0
2023-03-10 16:00:00,0.0
2023-03-10 16:01:00,0.0
2023-03-10 16:02:00,0.0
2023-03-10 16:03:00,0.0
2023-03-10 16:04:00,0.0
2023-03-10 16:05:00,0.0
2023-03-10 16:06:00,0.0
2023-03-10 16:07:00,0.0
2023-03-10 16:08:00,0.0
2023-03-10 16:09:00,-0.003105371503967825
2023-03-10 16:10:00,0.0
2023-03-10 16:11:00,0.0
2023-03-10 16:12:00,0.0
2023-03-10 16:13:00,-0.00339318616666994
2023-03-10 16:14:00,-0.014200570877131209
2023-03-10 16:15:00,0.0
2023-03-10 16:16:00,0.0
2023-03-10 16:17:00,0.0
2023-03-10 16:18:00,0.0
2023-03-10 16:19:00,0.0
2023-03-10 16:20:00,0.0
2023-03-10 16:21:00,0.0
2023-03-10 16:22:00,0.0031327881093980766
2023-03-10 16:23:00,0.0
2023-03-10 16:24:00,0.0
2023-03-10 16:25:00,0.0
2023-03-10 16:26:00,0.0
2023-03-10 16:27:00,0.0
2023-03-10 16:28:00,0.0
2023-03-10 16:29:00,0.0
2023-03-10 16:30:00,0.0
2023-03-10 16:31:00,0.0
2023-03-10 16:32:00,0.0
2023-03-10 16:33:00,-0.011415556106081307
2023-03-10 16:34:00,-0.021292101544754506
2023-03-10 16:35:00,0.0
2023-03-10 16:36:00,0.010098845665514897
2023-03-10 16:37:00,0.0
2023-03-10 16:38:00,0.0
2023-03-10 16:39:00,0.0
